GVIF,Df,GVIF^(1/(2*Df))
1.0057358993691783,1,1.0028638488694157
1.154441497293767,1,1.0744493926164076
1.1560562087287942,1,1.0752005434935354
1.148949896812509,1,1.0718908045190558
1.0847868332924795,3,1.013656324027718
1.089104510919057,3,1.014327638795484
1.1126187912447825,2,1.027038201058723
1.1305644057825937,4,1.0154578786782058
